----------------------------------------------------------------------
--		salesperson_McL
----------------------------------------------------------------------


insert into salesperson_McL(
	salesperson_id,
	first_name,
	last_name,
	address,
	phone,
	email
)VALUES(
	1,
	'Paul',
	'Monangaut',
	'5932 S. 45th Ave, Los Angeles, CA 92745',
	'6264924464',
	'JustTheThing@gmail.com'
);

insert into salesperson_McL(
	salesperson_id,
	first_name,
	last_name,
	address,
	phone,
	email
)VALUES(
	2,
	'Rachel',
	'Monangaut',
	'5932 S. 45th Ave, Los Angeles, CA 90008',
	'6264924464',
	'RachelGrowls@gmail.com'
);

insert into salesperson_McL(
	salesperson_id,
	first_name,
	last_name,
	address,
	phone,
	email
)VALUES(
	3,
	'Henry',
	'Hubert',
	'3567 Longden Ave, Los Angeles, CA 90008',
	'2129078463',
	'Gibberish@gmail.com'
);

insert into salesperson_McL(
	salesperson_id,
	first_name,
	last_name,
	address,
	phone,
	email
)VALUES(
	4,
	'Wanda',
	'Germaine',
	'30926 E Fortnight Ave, Los Angeles, CA 90008',
	'2129479375',
	'SoHungry@gmail.com'
);

----------------------------------------------------------------------
--		mechanics_McL
----------------------------------------------------------------------

insert into mechanics_McL(
	mech_id,
	first_name,
	last_name,
	address,
	phone,
	email
)Values(
	1,
	'Eric',
	'Manowitz',
	'3028 Los Gatos Place, Los Angeles, CA 90008',
	'2187390268',
	'Gaotwitz@hotmail.com'
);

insert into mechanics_McL(
	mech_id,
	first_name,
	last_name,
	address,
	phone,
	email
)Values(
	2,
	'Sam',
	'Jano',
	'937 Hill St., Los Angeles, CA 90008',
	'2180370274',
	'Junto_Sam@gmail.com'
);

insert into mechanics_McL(
	mech_id,
	first_name,
	last_name,
	address,
	phone,
	email
)Values(
	3,
	'Kerri',
	'Jermano',
	'2027 Kitten Ave, Los Angeles, CA 90008',
	'2183930274',
	'HubbaHubba@hotmail.com'
);

insert into mechanics_McL(
	mech_id,
	first_name,
	last_name,
	address,
	phone,
	email
)Values(
	4,
	'Joe',
	'Veniz',
	'9274 Gendiz Lane, Los Angeles, CA 90008',
	'2133920362',
	'JoeGoesThere@gmail.com'
);

insert into mechanics_McL(
	mech_id,
	first_name,
	last_name,
	address,
	phone,
	email
)Values(
	5,
	'Volodymyr',
	'Zelensky',
	'29364 Lacy Blvd, Los Angeles, CA 90008',
	'2139270473',
	'UkrainIsToast@gmail.com'
);

insert into mechanics_McL(
	mech_id,
	first_name,
	last_name,
	address,
	phone,
	email
)Values(
	6,
	'Whinnie',
	'Whinge',
	'35 5th Ave, Los Angeles, CA 90008',
	'2133920248',
	'ILikeToWhine@gmail.com'
);

----------------------------------------------------------------------
--		customer_McL
----------------------------------------------------------------------

insert into customer_McL(
	customer_id,
	first_name,
	last_name,
	address,
	phone,
	email,
	billing_info
)values(
	1,
	'Bill',
	'Clinton',
	'38 E Genevive St., Hillaryvile, MA',
	'3780280384',
	'UsedToBeTheMan@usa.gov',
	'81947'
);

insert into customer_McL(
	customer_id,
	first_name,
	last_name,
	address,
	phone,
	email,
	billing_info
)values(
	2,
	'Hillary',
	'Clinton',
	'38 E Genevive St., Hillaryvile, MA',
	'3789370464',
	'UsedToBeTheMansWife@usa.gov',
	'81948'
);

insert into customer_McL(
	customer_id,
	first_name,
	last_name,
	address,
	phone,
	email,
	billing_info
)values(
	3,
	'Jill',
	'James',
	'128 S. Gatos Ln., Los Angeles, CA 90006',
	'2139374036',
	'Bamping@gmail.com',
	'9364'
);

insert into customer_McL(
	customer_id,
	first_name,
	last_name,
	address,
	phone,
	email,
	billing_info
)values(
	4,
	'Juan',
	'Emil',
	'32 West Gullie st., Los Angeles, CA 90003',
	'2134939553',
	'Rhama@gmail.com',
	'392354'
);

insert into customer_McL(
	customer_id,
	first_name,
	last_name,
	address,
	phone,
	email,
	billing_info
)values(
	5,
	'Serji',
	'Spliff',
	'493 Jesuis Ln., Los Angeles, CA 90003',
	'213929464',
	'GetSpliffed@gmail.com',
	'3047645'
);

insert into customer_McL(
	customer_id,
	first_name,
	last_name,
	address,
	phone,
	email,
	billing_info
)values(
	6,
	'Emil',
	'Apong',
	'39 Rompus St, Los Angeles, CA 90008',
	'2133038465',
	'LookAtMy@gmail.com',
	'03857'
);

insert into customer_McL(
	customer_id,
	first_name,
	last_name,
	address,
	phone,
	email,
	billing_info
)values(
	7,
	'Lacob',
	'Claribel',
	'583 Jesiper Ln, Los Angeles, CA 90008',
	'2139473947',
	'fluffingthedevil@gmail.com',
	'93746'
);

----------------------------------------------------------------------
--		inventory_McL
----------------------------------------------------------------------

insert into inventory_McL(
	inv_id,
	make,
	model,
	model_year,
	color,
	serial_number,
	state
)values(
	479,
	'ford',
	'fiesta',
	2003,
	'red',
	937893748,
	'for sale'
);

insert into inventory_McL(
	inv_id,
	make,
	model,
	model_year,
	color,
	serial_number,
	state
)values(
	481,
	'lamborghini',
	'countach',
	1987,
	'red',
	83746493,
	'sold'
);

insert into inventory_McL(
	inv_id,
	make,
	model,
	model_year,
	color,
	serial_number,
	state
)values(
	492,
	'Honda',
	'CRV',
	2015,
	'silver',
	204746493,
	'sold'
);

insert into inventory_McL(
	inv_id,
	make,
	model,
	model_year,
	color,
	serial_number,
	state
)values(
	503,
	'Hyundai',
	'Celesta',
	2017,
	'Blue',
	39337253,
	'for sale'
);

insert into inventory_McL(
	inv_id,
	make,
	model,
	model_year,
	color,
	serial_number,	
	state
)values(
	528,
	'Ford',
	'Mustang',
	2020,
	'purple',
	936302,
	'sold'
);

insert into inventory_McL(
	inv_id,
	make,
	model,
	model_year,
	color,
	serial_number,
	state
)values(
	531,
	'Toyota',
	'Prius',
	2023,
	'Yellow',
	3936,
	'sold'
);

insert into inventory_McL(
	inv_id,
	make,
	model,
	model_year,
	color,
	serial_number,
	state
)values(
	548,
	'BMW',
	'E3',
	2020,
	'Silver',
	49273,
	'for sale'
);

insert into inventory_McL(
	inv_id,
	make,
	model,
	model_year,
	color,
	serial_number,
	state
)values(
	559,
	'MINI',
	'Cooper',
	2021,
	'Midnight Blue',
	30373,
	'sold'
);

insert into inventory_McL(
	inv_id,
	make,
	model,
	model_year,
	color,
	serial_number,
	state
)values(
	560,
	'MINI',
	'Cooper',
	2022,
	'Hunter Green',
	9376,
	'for sale'
);

----------------------------------------------------------------------
--		invoices_McL
----------------------------------------------------------------------

insert into invoices_McL(
	invoice_id,
	customer_id,
	inv_id,
	sale_price,
	salesperson_id
)values(
	1,
	1,
	481,
	70287,
	1
);

insert into invoices_McL(
	invoice_id,
	customer_id,
	inv_id,
	sale_price,
	salesperson_id
)values(
	2,
	2,
	492,
	40300,
	3
);

insert into invoices_McL(
	invoice_id,
	customer_id,
	inv_id,
	sale_price,
	salesperson_id
)values(
	3,
	4,
	531,
	20430,
	4
);

insert into invoices_McL(
	invoice_id,
	customer_id,
	inv_id,
	sale_price,
	salesperson_id
)values(
	4,
	6,
	559,
	40800,
	2
);

----------------------------------------------------------------------
--		parts_McL
----------------------------------------------------------------------

insert into parts_McL(
	part_id,
	part_desc,
	part_cost
)values(
	1,
	'synthetic oil',
	'2.99'
);

insert into parts_McL(
	part_id,
	part_desc,
	part_cost
)values(
	2,
	'Tire',
	'80.00'
);

insert into parts_McL(
	part_id,
	part_desc,
	part_cost
)values(
	3,
	'Starter Belt',
	'15.00'
);

insert into parts_McL(
	part_id,
	part_desc,
	part_cost
)values(
	4,
	'Windshield Wiper',
	'20.00'
);

insert into parts_McL(
	part_id,
	part_desc,
	part_cost
)values(
	5,
	'FORD Carburator',
	'200.00'
);

insert into parts_McL(
	part_id,
	part_desc,
	part_cost
)values(
	6,
	'Battery',
	'109.00'
);

insert into parts_McL(
	part_id,
	part_desc,
	part_cost
)values(
	7,
	'Aileron',
	'250.00'
);

insert into parts_McL(
	part_id,
	part_desc,
	part_cost
)values(
	8,
	'Whatchamacallit',
	'800.00'
);

insert into parts_McL(
	part_id,
	part_desc,
	part_cost
)values(
	9,
	'Dohickey',
	'7.00'
);

insert into parts_McL(
	part_id,
	part_desc,
	part_cost
)values(
	10,
	'That Thing Over There',
	'18.00'
);

insert into parts_McL(
	part_id,
	part_desc,
	part_cost
)values(
	11,
	'charnetta',
	'100.00'
);

insert into parts_McL(
	part_id,
	part_desc,
	part_cost
)values(
	12,
	'brake pad set',
	'100.00'
);


----------------------------------------------------------------------
--		service_McL
----------------------------------------------------------------------

insert into service_McL(
	service_id,
	service_desc, -- VARCHAR(150)
	labor_cost, -- NUMERIC(5,2) not null
	part_id -- INTEGER
)values(
	1,
	'oil change',
	'40.00',
	null
);

insert into service_McL(
	service_id,
	service_desc, -- VARCHAR(150)
	labor_cost, -- NUMERIC(5,2) not null
	part_id -- INTEGER
)values(
	2,
	'rotate tires',
	'40.00',
	null
);

insert into service_McL(
	service_id,
	service_desc, -- VARCHAR(150)
	labor_cost, -- NUMERIC(5,2) not null
	part_id -- INTEGER
)values(
	3,
	'brake service',
	'50.00',
	12
);

----------------------------------------------------------------------
--		service_ticket_McL
----------------------------------------------------------------------
insert into service_ticket_McL(
	ticket_id, -- SERIAL primary key,
	serial_num, -- INTEGER,
	customer_id, -- INTEGER,
	service_id, -- INTEGER,
	total_cost -- NUMERIC(5,2)
)values(
	1,
	37283,
	5,
	3,
	230.00
);

insert into service_ticket_McL(
	ticket_id, -- SERIAL primary key,
	serial_num, -- INTEGER,
	customer_id, -- INTEGER,
	service_id, -- INTEGER,
	total_cost -- NUMERIC(5,2)
)values(
	2,
	937479,
	3,
	1,
	150.00
);

insert into service_ticket_McL(
	ticket_id, -- SERIAL primary key,
	serial_num, -- INTEGER,
	customer_id, -- INTEGER,
	service_id, -- INTEGER,
	total_cost -- NUMERIC(5,2)
)values(
	3,
	3982638,
	7,
	1,
	100.00
);

insert into service_ticket_McL(
	ticket_id, -- SERIAL primary key,
	serial_num, -- INTEGER,
	customer_id, -- INTEGER,
	service_id, -- INTEGER,
	total_cost -- NUMERIC(5,2)
)values(
	4,
	3927364,
	3,
	2,
	150.00
);


